id,name,short_description,price,list_price,discount,discount_rate,all_time_quantity_sold,inventory_status,stock_item_qty,stock_item_max_sale_qty,date
277728224,"NÃ³i Chuyá»‡n LÃ  Báº£n NÄƒng, Giá»¯ Miá»‡ng LÃ  Tu DÆ°á»¡ng, Im Láº·ng LÃ  TrÃ­ Tuá»‡","TuÃ¢n Tá»­ nÃ³i: â€œNÃ³i nÄƒng há»£p lÃ½, Ä‘Ã³ gá»i lÃ  hiá»ƒu biáº¿t; im láº·ng Ä‘Ãºng lÃºc, Ä‘Ã³ cÅ©ng lÃ  hiá»ƒu biáº¿tâ€. NgÃ´n ngá»¯ lÃ  thá»© cÃ³ thá»ƒ thá»ƒ hiá»‡n rÃµ nháº¥t má»©c Ä‘á»™ tu dÆ°á»¡ng cá»§a má»™t ngÆ°á»i, nÃ³i nÄƒng há»£p lÃ½ lÃ  má»™t loáº¡i trÃ­ tuá»‡,...",127000,127000,0,0,8629.0,available,1000,1000,2025-04-14
277412034,SÃ¡ch Song Ngá»¯ Lá»i ThÃ¬ Tháº§m Trong Tá»• áº¤m - Whispers In The Home - ChÃ­nh HÃ£ng + MÃ£ File Nghe,"""Lá»i ThÃ¬ Tháº§m Trong Tá»• áº¤m"" lÃ  má»™t cuá»‘n sÃ¡ch song ngá»¯ Anh-Viá»‡t, giÃºp ngÆ°á»i Ä‘á»c cáº£i thiá»‡n ká»¹ nÄƒng tiáº¿ng Anh thÃ´ng qua viá»‡c Ä‘á»c song ngá»¯. Ná»™i dung sÃ¡ch táº­p trung vÃ o nhá»¯ng cÃ¢u chuyá»‡n gia Ä‘Ã¬nh, tÃ¬nh cáº£m ...",158000,158000,0,0,673.0,available,1000,1000,2025-04-14
277381902,Tiáº¿ng gá»i chÃ¢n trá»i - Nguyá»…n Ngá»c TÆ°,"Nhá»¯ng con ngÆ°á»i vÄƒng mÃ¬nh vÃ o nhá»¯ng cuá»™c Ä‘i-vá», vÃ o cuá»™c máº¥t-cÃ²n cá»§a nhá»¯ng chuáº©n má»±c sá»‘ng, nhá»¯ng má»‘i quan há»‡ áº¥m láº¡nh cá»§a cuá»™c Ä‘á»i khi mÃ  giÃ¡ trá»‹ váº­t cháº¥t lÃªn ngÃ´i. Váº«n phong cÃ¡ch quen thuá»™c: má»™c máº¡c, ...",60000,95000,35000,37,316.0,available,1000,1000,2025-04-14
277361862,Ká»¹ thuáº­t Ä‘áº·t cÃ¢u lá»‡nh cho ChatGPT,"Trong lá»‹ch sá»­ cÃ´ng nghá»‡, hiáº¿m cÃ³ ná»n táº£ng nÃ o Ä‘áº¡t tá»‘c Ä‘á»™ phÃ¡t triá»ƒn nhanh chÃ³ng nhÆ° ChatGPT khi trá»Ÿ thÃ nh ná»n táº£ng Ä‘áº§u tiÃªn cÃ¡n má»‘c 100 triá»‡u ngÆ°á»i dÃ¹ng trong thá»i gian ngáº¯n nháº¥t. Nhá»¯ng con sá»‘ nÃ y khÃ´...",125000,179000,54000,30,122.0,available,1000,1000,2025-04-14
276960030,Khi Má»i Äiá»u KhÃ´ng NhÆ° Ã,"Báº¡n Ä‘Ã£ bao giá» cáº£m tháº¥y nhÆ° cuá»™c sá»‘ng liÃªn tá»¥c thá»­ thÃ¡ch báº¡n, khiáº¿n báº¡n pháº£i khÃ´ng ngá»«ng váº­t lá»™n Ä‘á»ƒ vÆ°á»£t qua nhá»¯ng khÃ³ khÄƒn vÃ  tháº¥t báº¡i báº¥t ngá»?Tá»« ná»—i máº¥t mÃ¡t, Ä‘au khá»• vÃ  cÃ´ Ä‘Æ¡n cá»§a nhá»¯ng tráº£i nghiá»‡m...",80600,109000,28400,26,628.0,available,1000,1000,2025-04-14
276948798,"LÃªn Äá»‰nh NÃºi Má»Ÿ Tiá»‡m BÃ¡nh MÃ¬ - Triáº¿t lÃ­ Wazawaza: Nhá»¯ng con ngÆ°á»i háº¡nh phÃºc, 2 loáº¡i bÃ¡nh mÃ¬, vÃ  doanh thu thÆ°á»ng niÃªn 300 triá»‡u YÃªn","TÃ´i cáº£m tháº¥y trÃªn Ä‘á»i nÃ y cÃ³ ráº¥t nhiá»u thá»© tháº­t láº¥n cáº¥n.NgÆ°á»i ta cho ráº±ng chuyá»‡n má»Ÿ tiá»‡m bÃ¡n bÃ¡nh mÃ¬ pháº£i cháº¥p nháº­n lÃ m lá»¥ng váº¥t váº£ Ä‘áº§u táº¯t máº·t tá»‘i, láº¥y sá»‘ lÆ°á»£ng bÃ¹ cho biÃªn lá»£i nhuáº­n tháº¥p lÃ  láº½ thÆ°...",99000,120000,21000,18,1146.0,available,1000,1000,2025-04-14
276922095,Tháº¿ Há»‡ Lo Ã‚u,"NgÃ nh cÃ´ng nghá»‡ khÃ´ng chá»‰ thay Ä‘á»•i cuá»™c sá»‘ng cá»§a ngÆ°á»i lá»›n. NÃ³ cÅ©ng báº¯t Ä‘áº§u thay Ä‘á»•i cuá»™c sá»‘ng cá»§a tráº» em. Tá»« nhá»¯ng nÄƒm 1950, thiáº¿u nhi vÃ  thanh thiáº¿u niÃªn Ä‘Ã£ xem truyá»n hÃ¬nh ráº¥t nhiá»u, nhÆ°ng cÃ¡c cÃ´ng...",159400,229000,69600,30,469.0,available,1000,1000,2025-04-14
276823777,Táº¡i sao cÃ¡c quá»‘c gia tháº¥t báº¡i,"Sá»­ dá»¥ng lá»‹ch sá»­ ÄÃ´ng-TÃ¢y kim-cá»• Ä‘Ã£ diá»…n ra trÃªn táº¥t cáº£ cÃ¡c chÃ¢u lá»¥c cá»§a trÃ¡i Ä‘áº¥t nÃ y, hai tÃ¡c giáº£ láº­p luáº­n ráº±ng nhá»¯ng quá»‘c gia tháº¥t báº¡i lÃ  nhá»¯ng Ä‘áº¥t nÆ°á»›c bá»‹ cai trá»‹ bá»Ÿi má»™t nhÃ³m quyá»n tháº¿ táº­p trung, v...",186000,310000,124000,40,349.0,available,1000,1000,2025-04-14
276346703,Combo 4 cuá»‘n: ChatGPT + ChatGPT thá»±c chiáº¿n + AI 5.0 + AI CÃ´ng cá»¥ nÃ¢ng cao hiá»‡u suáº¥t,"Bá»˜ SÃCH GIÃšP Báº N TRANG Bá»Š KIáº¾N THá»¨C VÃ€ Ká»¸ NÄ‚NG Sá»¬ Dá»¤NG CÃC CÃ”NG Cá»¤ AIÂ TrÆ°á»›c sá»± phÃ¡t triá»ƒn máº¡nh máº½ cá»§a cÃ´ng nghá»‡ vÃ  trÃ­ tuá»‡ nhÃ¢n táº¡o, viá»‡c cÃ³ kiáº¿n thá»©c vÃ  ká»¹ nÄƒng sá»­ dá»¥ng cÃ¡c cÃ´ng cá»¥ AI trá»Ÿ thÃ nh má»™t...",608000,716000,108000,15,1.0,available,1000,1000,2025-04-14
276313958,Váº» Äáº¹p Cá»§a Cáº£nh Sáº¯c Táº§m ThÆ°á»ng,"Giá»›i thiá»‡u sÃ¡châ€œVáº» Ä‘áº¹p cá»§a cáº£nh sáº¯c táº§m thÆ°á»ng - Hay vÃ¬ sao chÃºng ta cáº§n thay Ä‘á»•i cÃ¡ch thÆ°á»Ÿng thá»©c thiÃªn nhiÃªn?â€ lÃ  tÃ¡c pháº©m má»›i nháº¥t cá»§a tÃ¡c giáº£ Äáº·ng HoÃ ng Giang. Trong 9 nÄƒm qua, tÃ¡c giáº£ Äáº·ng HoÃ ng...",168000,235000,67000,29,881.0,available,1000,1000,2025-04-14
276159943,NEXUS - LÆ°á»£c Sá»­ Cá»§a Nhá»¯ng Máº¡ng LÆ°á»›i ThÃ´ng Tin Tá»« Thá»i Äáº¡i Äá»“ ÄÃ¡ Äáº¿n TrÃ­ Tuá»‡ NhÃ¢n Táº¡o,"Giá»›i thiá»‡u sÃ¡chYuval Noah Harari trá»Ÿ láº¡i vá»›i cuá»‘n sÃ¡ch má»›i Ä‘áº§y thÃº vá»‹ vá» cuá»™c hÃ nh trÃ¬nh cá»§a con ngÆ°á»i vÃ o Ká»· nguyÃªn thÃ´ng tin, vÃ  nhá»¯ng lá»±a chá»n cáº¥p bÃ¡ch mÃ  chÃºng ta pháº£i Ä‘Æ°a ra Ä‘á»ƒ tá»“n táº¡i - vÃ  phÃ¡t...",232000,325000,93000,29,2215.0,available,1000,1000,2025-04-14
275948240,Same As Ever: Quy Luáº­t Báº¥t Biáº¿n Vá» Báº£n Cháº¥t Con NgÆ°á»i VÃ  TÃ¢m LÃ½ LÃ m GiÃ u,"Giá»›i thiá»‡u sÃ¡chCÃ³ cÃ¢u nÃ³i ráº±ng â€œÄá»ƒ biáº¿t Ä‘Æ°á»£c nÆ¡i báº¡n Ä‘ang Ä‘i Ä‘áº¿n, báº¡n pháº£i biáº¿t rÃµ nÆ¡i báº¡n Ä‘Ã£ tá»«ng á»Ÿâ€. Muá»‘n cÃ³ má»™t tÆ°Æ¡ng lai cháº¯c cháº¯n, báº¡n pháº£i hiá»ƒu rÃµ báº£n thÃ¢n mÃ¬nh á»Ÿ hiá»‡n táº¡i vÃ  cáº§n láº­p káº¿ hoáº¡ch r...",152500,219000,66500,30,337.0,available,1000,1000,2025-04-14
275905148,NÃ¢ng Cao Táº§n Sá»‘ NÄƒng LÆ°á»£ng CÃ¡ NhÃ¢n,"CÃ³ má»™t Ä‘iá»u mÃ  nhiá»u nhÃ  tÃ¢m lÃ½ há»c cÅ©ng nhÆ° nhÃ  khoa há»c cÃ³ thá»ƒ cÃ¹ng Ä‘á»“ng thuáº­n, Ä‘Ã³ lÃ  váº¡n váº­t trong VÅ© trá»¥ Ä‘á»u Ä‘Æ°á»£c táº¡o thÃ nh tá»« nÄƒng lÆ°á»£ng, bao gá»“m cáº£ báº¡n. Ngay bÃ¢y giá», nÄƒng lÆ°á»£ng Ä‘ang di chuyá»ƒn q...",125000,179000,54000,30,220.0,available,1000,1000,2025-04-14
275702538,Chat GPT Thá»±c Chiáº¿n,"Trong thá»i Ä‘áº¡i hiá»‡n nay, táº¥t cáº£ nhá»¯ng ai khÃ´ng muá»‘n bá»‹ tá»¥t háº­u Ä‘á»u cáº§n há»c vá» cÃ¡c cÃ´ng cá»¥ AI, Ä‘áº·c biá»‡t lÃ  biáº¿t cÃ¡ch sá»­ dá»¥ng cÃ´ng cá»¥ AI trong thá»±c táº¿. Náº¿u náº¯m vá»¯ng cÃ¡c kiáº¿n thá»©c xoay quanh cÃ¡c cÃ´ng cá»¥ ...",116000,169000,53000,31,2569.0,available,1000,1000,2025-04-14
275406600,Dáº«n Dáº¯t Má»™t Báº§y SÃ³i Hay ChÄƒn Má»™t ÄÃ n Cá»«u,"Trong cuá»™c chiáº¿n thu hÃºt khÃ¡ch hÃ ng, cÃ¡c doanh nghiá»‡p Ä‘áº§u tÆ° hÃ ng triá»‡u Ä‘Ã´ la Ä‘á»ƒ cáº£i thiá»‡n tráº£i nghiá»‡m cá»§a khÃ¡ch hÃ ng. Há» giao hÃ ng nhanh hÆ¡n, tung ra cÃ¡c sáº£n pháº©m má»›i vÃ  khÃ´ng ngá»«ng cáº£i tiáº¿n giao diá»‡...",135800,195000,59200,30,2074.0,available,1000,1000,2025-04-14
274363543,Con ÄÆ°á»ng Cháº³ng Máº¥y Ai Äi,Con ÄÆ°á»ng Cháº³ng Máº¥y Ai Äi:CÃ³ láº½ khÃ´ng quyá»ƒn sÃ¡ch nÃ o trong tháº¿ ká»· nÃ y cÃ³ tÃ¡c Ä‘á»™ng sÃ¢u sáº¯c Ä‘áº¿n Ä‘á»i sá»‘ng trÃ­ tuá»‡ vÃ  tinh tháº§n cá»§a chÃºng ta hÆ¡n Con ÄÆ°á»ng Cháº³ng Máº¥y Ai Äi. Vá»›i doanh sá»‘ trÃªn 10 triá»‡u báº£n ...,110000,165000,55000,33,3128.0,available,1000,1000,2025-04-14
273819808,TÃ¢m LÃ½ Há»c Vá» Tiá»n,"Tiá»n báº¡c cÃ³ á»Ÿ kháº¯p má»i nÆ¡i, nÃ³ áº£nh hÆ°á»Ÿng Ä‘áº¿n táº¥t cáº£ chÃºng ta, vÃ  khiáº¿n pháº§n lá»›n chÃºng ta bá»‘i rá»‘i. Má»i ngÆ°á»i nghÄ© vá» nÃ³ theo nhá»¯ng cÃ¡ch hÆ¡i khÃ¡c nhau má»™t chÃºt. NÃ³ mang láº¡i nhá»¯ng bÃ i há»c cÃ³ thá»ƒ Ä‘Æ°á»£c Ã¡p ...",127000,189000,62000,33,27184.0,available,1000,1000,2025-04-14
271380890,ÄÃºng Viá»‡c,"ÄÃºng Viá»‡c - Má»™t GÃ³c NhÃ¬n Vá» CÃ¢u Chuyá»‡n Khai Minhâ€œÄÃºng Viá»‡câ€ lÃ  con Ä‘Æ°á»ng cho má»i Ä‘á»•i thay cÃ³ tÃ­nh cÃ¡ch máº¡ng cá»§a cÃ¡ nhÃ¢n, gia Ä‘Ã¬nh, tá»• chá»©c vÃ  quá»‘c gia. SÃ¡ch â€œÄÃºng Viá»‡câ€ Ä‘á» cáº­p Ä‘áº¿n nhá»¯ng váº¥n Ä‘á» cÄƒn cÆ¡...",81250,125000,43750,35,16139.0,available,1000,1000,2025-04-14
263070154,Giáº£i mÃ£ HoÃ³c-mÃ´n Dopamine,GIáº¢I MÃƒ HOÃ“C-MÃ”N DOPAMINHoÃ³c-mÃ´n Dopamine lÃ  gÃ¬?Dopamine lÃ  má»™t cháº¥t dáº«n truyá»n tháº§n kinh tá»± nhiÃªn trong cÆ¡ thá»ƒ con ngÆ°á»i vÃ  Ä‘á»™ng váº­t. NÃ³ Ä‘Æ°á»£c sáº£n xuáº¥t trong nÃ£o vÃ  tham gia vÃ o viá»‡c truyá»n táº£i cÃ¡c ...,140000,198000,58000,29,3433.0,available,1000,1000,2025-04-14
262590428,BÃºp Sen Xanh,"BÃºp Sen XanhGiá»›i thiá»‡u tÃ¡c giáº£NhÃ  vÄƒn SÆ¡n TÃ¹ng, sinh nÄƒm 1928 táº¡i Diá»…n ChÃ¢u, Nghá»‡ An. Ã”ng Ä‘Æ°á»£c NhÃ  nÆ°á»›c phong táº·ng danh hiá»‡u Anh hÃ¹ng Lao Ä‘á»™ng thá»i kÃ¬ Ä‘á»•i má»›i, nÄƒm 2011. Ã”ng lÃ  nhÃ  vÄƒn Viá»‡t Nam vá»›i...",52700,72000,19300,27,2396.0,available,1000,1000,2025-04-14
261982682,Cuá»™c cÃ¡ch máº¡ng Glucose,"CÃ³ tá»›i 90 % dÃ¢n sá»‘ tháº¿ giá»›i Ä‘ang bá»‹ thá»«a glucose â€“ nhÆ°ng háº§u háº¿t Ä‘á»u khÃ´ng biáº¿t Ä‘iá»u Ä‘Ã³. ChÃºng ta cÃ²n khÃ´ng biáº¿t ráº±ng chÃ­nh tÃ¬nh tráº¡ng nÃ y Ä‘ang Ã¢m tháº§m gÃ¢y nÃªn cÃ¡c triá»‡u chá»©ng nhÆ° thÃ¨m Äƒn, má»‡t má»i, vÃ´...",103000,158000,55000,35,1441.0,available,1000,1000,2025-04-14
253129523,Atomic Habits - Thay Äá»•i TÃ­ Hon Hiá»‡u Quáº£ Báº¥t Ngá» (TÃ¡i Báº£n 2023),"    Atomic Habits - Thay Äá»•i TÃ­ Hon Hiá»‡u Quáº£ Báº¥t Ngá» (TÃ¡i Báº£n 2023)   â€¢ Wall Street Journal Bestseller, USA Today Bestseller, Publisherâ€™s Weekly Bestseller   â€¢ Náº±m trong Top 20 tá»±a sÃ¡ch thá»ƒ loáº¡i ...",149300,189000,39700,21,1160.0,available,1000,1000,2025-04-14
229714486,Giáº£i TrÃ­ Äáº¿n Cháº¿t,"â€œTÃ¡c pháº©m kinh Ä‘iá»ƒn bÃ¡n cháº¡y nháº¥t cá»§a báº­c tháº§y Neil Postman, má»™t báº­c tháº§y vá» nghiÃªn cá»©u vÄƒn hÃ³a truyá»n thÃ´ng.â€™â€™- Táº¡i sao bÃ¢y giá» nhá»¯ng cÃ´ng viá»‡c liÃªn quan Ä‘áº¿n giáº£i trÃ­ láº¡i kiáº¿m Ä‘Æ°á»£c khÃ¡ nhiá»u ?- Táº¡i...",124600,179000,54400,30,1066.0,available,1000,1000,2025-04-14
212597849,Bookmark káº¹p sÃ¡ch giáº¥y cá»©ng,Bookmark tháº» Ä‘Ã¡nh dáº¥u sÃ¡ch sÃ¡ng táº¡oÂ Sá»‘ lÆ°á»£ng: 1 tháº»KÃ­ch thÆ°á»›c: 4 * 15cmCháº¥t liá»‡u: Giáº¥yTrá»ng lÆ°á»£ng: 65gNÄƒm phÃ¡t hÃ nh : 2021...,6480,9000,2520,28,3018.0,available,1000,1000,2025-04-14
209389165,Bookmark káº¹p sÃ¡ch giáº¥y cá»©ng, Bookmark tháº» Ä‘Ã¡nh dáº¥u sÃ¡ch sÃ¡ng táº¡o Â Sá»‘ lÆ°á»£ng: 1 tháº»KÃ­ch thÆ°á»›c: 4 * 15cmCháº¥t liá»‡u: Giáº¥yTrá»ng lÆ°á»£ng: 65gNÄƒm phÃ¡t hÃ nh : 2021...,2000,2000,0,0,9217.0,available,1000,1000,2025-04-14
207256575,Äá»‹nh luáº­t Murphy â€“ Má»i bÃ­ máº­t tÃ¢m lÃ½ thao tÃºng cuá»™c Ä‘á»i báº¡n,"Náº¿u má»™t Ä‘iá»u tá»“i tá»‡ cÃ³ thá»ƒ xáº£y ra, nÃ³ sáº½ xáº£y ra!Khi má»™t mÃ³n Ä‘á»“ quan trá»ng bá»‹ rÆ¡i, nÃ³ cÃ³ xu hÆ°á»›ng lÄƒn tá»›i dÆ°á»›i ngÄƒn tá»§ náº·ng nháº¥t.Khi hai tay báº¡n cáº§m Ä‘áº§y Ä‘á»“ Ä‘áº¡c, mÅ©i báº¡n báº¯t Ä‘áº§u ngá»©a.Khi báº¡n sá»£ gáº·p m...",83600,119000,35400,30,7814.0,available,1000,1000,2025-04-14
202879294,NgÆ°á»i ÄÃ n Ã”ng Mang TÃªn Ove (TÃ¡i Báº£n 2022),NgÆ°á»i Ä‘Ã n Ã´ng mang tÃªn Ove nÄƒm nay nÄƒm mÆ°Æ¡i chÃ­n tuá»•i. Ã”ng lÃ  kiá»ƒu ngÆ°á»i hay chá»‰ tháº³ng máº·t nhá»¯ng káº» mÃ  Ã´ng khÃ´ng Æ°a nhÆ° thá»ƒ há» lÃ  bá»n Äƒn trá»™m vÃ  ngÃ³n trá» cá»§a Ã´ng lÃ  cÃ¢y Ä‘Ã¨n pin cá»§a cáº£nh sÃ¡t. Ove tin t...,101000,160000,59000,37,4539.0,available,1000,1000,2025-04-14
195291930,Bá»‘n Thá»a Æ¯á»›c,"Bá»N THá»A Æ¯á»šCBÃ­ quyáº¿t sá»‘ng tá»± do, bÃ¬nh an, háº¡nh phÃºc giá»¯a tháº¿ giá»›i báº¥t Ä‘á»‹nhdon Miguel Ruiz - Háº­u duá»‡ cá»§a ngÆ°á»i Toltec cá»• xÆ°aHÃ ng ngÃ n nÄƒm trÆ°á»›c, ngÆ°á»i Toltec ná»•i tiáº¿ng kháº¯p miá»n Nam Mexico lÃ  nhá»¯ng ...",89100,130000,40900,31,3597.0,available,1000,1000,2025-04-14
194960730,Ná»—i buá»“n chiáº¿n tranh,"TÃ¡c pháº©m lÃ  dÃ²ng há»“i á»©c cá»§a ngÆ°á»i lÃ­nh vá» chiáº¿n tranh vÃ  thá»i tuá»•i tráº» Ä‘Ã£ tráº£i qua trong bom Ä‘áº¡n. ÄÃ³ lÃ  lÃ²ng tiáº¿c thÆ°Æ¡ng vÃ´ háº¡n Ä‘á»‘i vá»›i nhá»¯ng ngÆ°á»i cÃ¹ng tháº¿ há»‡ vá»›i mÃ¬nh Ä‘Ã£ náº±m xuá»‘ng, lÃ  Ã¡m áº£nh vá» thÃ¢n...",80000,130000,50000,38,2837.0,available,1000,1000,2025-04-14
193614514,[Gift] Táº·ng 01 bookmark cho má»—i Ä‘Æ¡n hÃ ng,"Bookmark táº·ng kÃ¨m theo cho má»—i Ä‘Æ¡n hÃ ngKÃ­ch thÆ°á»›c: 5Â  x 15 cmIn mÃ u 2 máº·t, cÃ³ kÃ¨m nhá»¯ng cÃ¢u nÃ³i hay vá» sÃ¡ch vÃ  vÄƒn hÃ³a Ä‘á»c sÃ¡ch....",30000,30000,0,0,1695.0,available,1000,1000,2025-04-14
187843291,Nháº­t kÃ½ Äáº·ng ThÃ¹y TrÃ¢m,"Má»™t cuá»‘n nháº­t kÃ­ nháº·t Ä‘Æ°á»£c bÃªn xÃ¡c cá»§a má»™t ná»¯ Viá»‡t Cá»™ng Ä‘Ã£ suÃ½t bá»‹ ngÆ°á»i lÃ­nh Má»¹ nÃ©m vÃ o lá»­a, nhÆ°ng ngÆ°á»i phiÃªn dá»‹ch Ä‘Ã£ khuyÃªn anh ta nÃªn giá»¯ láº¡i vÃ¬ ""trong Ä‘Ã³ cÃ³ lá»­a"". Nháº­t kÃ­ Äáº·ng ThÃ¹y TrÃ¢m lÃ  nhá»¯ng ...",64700,90000,25300,28,1532.0,available,1000,1000,2025-04-14
177487151,Náº¿u Biáº¿t TrÄƒm NÄƒm LÃ  Há»¯u Háº¡n,"Náº¿u biáº¿t trÄƒm nÄƒm lÃ  há»¯u háº¡n ngay tá»« tÃªn gá»i Ä‘Ã£ ráº¥t gá»£i má»Ÿ vÃ  Ä‘áº§y áº©n Ã½. Vá»›i nhá»¯ng cáº£m xÃºc sÃ¢u láº¯ng, bao gá»“m nhá»¯ng bÃ i viáº¿t ngáº¯n, Ä‘áº§y cháº¥t thÆ¡, chiÃªm nghiá»‡m vá» má»i váº¥n Ä‘á» cá»§a cuá»™c sá»‘ng hÃ´m nay, vá»›i nhá»¯...",121000,159000,38000,24,1591.0,available,1000,1000,2025-04-14
170708233,Thay Äá»•i TÃ­ Hon - Hiá»‡u Quáº£ Báº¥t Ngá» Atomic Habits (TÃ¡i Báº£n Láº§n 4),Náº±m trong Top 20 tá»±a sÃ¡ch thá»ƒ loáº¡i non-fiction bÃ¡n cháº¡y vÃ  Ä‘Æ°á»£c tÃ¬m Ä‘á»c nhiá»u nháº¥t cá»§a Amazon suá»‘t 40 tuáº§n tÃ­nh Ä‘áº¿n thÃ¡ng 9/2019.â€œThÃ nh cÃ´ng lÃ  sáº£n pháº©m cá»§a thÃ³i quen háº±ng ngÃ y â€“ khÃ´ng pháº£i cá»§a má»™t c...,142000,189000,47000,25,10542.0,available,1000,1000,2025-04-14
101782486,"Deep Work - LÃ m Ra LÃ m, ChÆ¡i Ra ChÆ¡i (TÃ¡i Báº£n)","ÄÃ£ bao giá» báº¡n ngá»“i xuá»‘ng Ä‘á»ƒ lÃ m viá»‡c vÃ  sau Ä‘Ã³, khÃ´ng há» nháº­n ra mÃ¬nh láº¡i káº¿t thÃºc báº±ng viá»‡c dÃ nh má»™t (vÃ i) tiáº¿ng Ä‘á»“ng há»“ lÆ°á»›t Youtube, Facebook, tin tá»©c? Táº¥t cáº£ chÃºng ta Ä‘á»u Ä‘Ã£ tá»«ng lÃ m váº­y. CÃ³ váº» n...",106000,159000,53000,33,2754.0,available,1000,1000,2025-04-14
76013370,ÄÆ°á»£c Há»c (TÃ¡i Báº£n),"Bill Gates, vá»‹ tá»· phÃº tá»«ng bá» há»c (tháº­m chÃ­ chÆ°a Ä‘Æ°á»£c â€œná»­a chá»«ngâ€) táº¡i ngÃ´i trÆ°á»ng danh giÃ¡ hÃ ng Ä‘áº§u tháº¿ giá»›i â€“ Äáº¡i há»c Harvard â€“ cÅ©ng Ä‘Ã£ Ä‘á»c vÃ  tá» lÃ²ng yÃªu máº¿n cuá»‘n sÃ¡ch vá»›i tá»±a gá»‘c lÃ  Educated.Cuá»‘n...",125580,182000,56420,31,2270.0,available,1000,1000,2025-04-14
74021317,CÃ¢y Cam Ngá»t Cá»§a TÃ´i,â€œVá»‹ chua chÃ¡t cá»§a cÃ¡i nghÃ¨o hÃ²a trá»™n vá»›i vá»‹ ngá»t ngÃ o khi khÃ¡m phÃ¡ ra nhá»¯ng Ä‘iá»u khiáº¿n cuá»™c Ä‘á»i nÃ y Ä‘Ã¡ng sá»‘ má»™t tÃ¡c pháº©m kinh Ä‘iá»ƒn cá»§a Brazil.â€- Booklistâ€œMá»™t cÃ¡ch nhÃ¬n cuá»™c sá»‘ng gáº§n nhÆ° hoÃ n chá»‰nh t...,83100,108000,24900,23,4910.0,available,1000,1000,2025-04-14
56609155,TrÆ°á»ng Ca Achilles (QuÃ  Táº·ng KÃ¨m: 01 Bookmark + 01 Phá»¥ Lá»¥c),"""HUYá»€N THOáº I Báº®T Äáº¦Uâ€¦Hy Láº¡p vÃ o thá»i hoÃ ng kim cá»§a cÃ¡c anh hÃ¹ng. Patroclus lÃ  má»™t hoÃ ng tá»­ tráº» vá»¥ng vá», bá»‹ trá»¥c xuáº¥t tá»›i vÆ°Æ¡ng quá»‘c Phthia vÃ  Ä‘Æ°á»£c nuÃ´i dáº¡y dÆ°á»›i sá»± che chá»Ÿ cá»§a vua Peleus cÃ¹ng cáº­u con...",120100,156000,35900,23,668.0,available,1000,1000,2025-04-14
52004412,D. Trump - Nghá»‡ Thuáº­t ÄÃ m PhÃ¡n (TÃ¡i báº£n 2020),"Quyá»ƒn sÃ¡ch cho chÃºng ta tháº¥y cÃ¡ch Trump lÃ m viá»‡c má»—i ngÃ y - cÃ¡ch Ã´ng Ä‘iá»u hÃ nh cÃ´ng viá»‡c kinh doanh vÃ  cuá»™c sá»‘ng - cÅ©ng nhÆ° cÃ¡ch Ã´ng trÃ² chuyá»‡n vá»›i báº¡n bÃ¨ vÃ  gia Ä‘Ã¬nh, lÃ m Äƒn vá»›i Ä‘á»‘i thá»§, mua thÃ nh cÃ´...",92600,109000,16400,15,451.0,available,1000,1000,2025-04-14
10005245,ÄÃ n Ã”ng Sao Há»a ÄÃ n BÃ  Sao Kim,"NgÃ y xá»­a ngÃ y xÆ°a, nhá»¯ng ngÆ°á»i sao Há»a vÃ  sao Kim Ä‘Ã£ gáº·p gá»¡, yÃªu nhau vÃ  sá»‘ng háº¡nh phÃºc bá»Ÿi há» tÃ´n trá»ng vÃ  cháº¥p nháº­n má»i Ä‘iá»u khÃ¡c biá»‡t. Rá»“i há» Ä‘áº¿n TrÃ¡i Äáº¥t vÃ  chá»©ng lÃ£ng quÃªn Ä‘Ã£ xáº£y ra: Há» quÃªn ráº±ng...",136000,188000,52000,28,53328.0,available,1000,1000,2025-04-14
3304875,Äiá»u Ká»³ Diá»‡u Cá»§a Tiá»‡m Táº¡p HÃ³a NAMIYA (TÃ¡i Báº£n),"Äiá»u Ká»³ Diá»‡u Cá»§a Tiá»‡m Táº¡p HÃ³aMá»™t Ä‘Ãªm vá»™i vÃ£ láº©n trá»‘n sau phi vá»¥ khoáº¯ng Ä‘á»“ nhÃ  ngÆ°á»i, Atsuya, Shota vÃ  Kouhei Ä‘Ã£ ráº½ vÃ o lÃ¡nh táº¡m trong má»™t cÄƒn nhÃ  hoang bÃªn con dá»‘c váº¯ng ngÆ°á»i qua láº¡i. CÄƒn nhÃ  cÃ³ váº» k...",87100,105000,17900,17,1243.0,available,1000,1000,2025-04-14
276440258,"BÃ¬nh Gas BÆ¡m Báº­t Lá»­a Bluesky 5 Äáº§u BÆ¡m Dung TÃ­ch 150gr/275ml SiÃªu Tiá»‡n Dá»¥ng, BÃ¬nh BÆ¡m Gas Báº­t Lá»­a HÃ n Quá»‘c","- Äá»‘i vá»›i nhá»¯ng loáº¡i báº­t lá»­a Ä‘áº¯t tiá»n báº¡n nÃªn sá»­ dá»¥ng nhá»¯ng loáº¡i Gas tá»‘t khÃ´ng táº¡p cháº¥t Ä‘á»ƒ Ä‘áº£m báº£o cho báº­t lá»­a vÃ  cho chÃ­nh báº¡n. BÃ¬nh gas cho báº­t lá»­a sau khi bÆ¡m, náº¡p gas vÃ o há»™p quáº¹t, báº­t lá»­a ráº¥t nháº¡...",58000,58000,0,0,272.0,available,1000,1000,2025-04-14
276328451,"MÃ n dÃ¢y cÃ³ cá»­a Funu, váº£i má»m má»‹n, máº¯t lÆ°á»›i nhá», Ä‘á»‹nh hÃ¬nh á»•n Ä‘á»‹nh giÃºp thÃ´ng thoÃ¡ng, chá»‘ng muá»—i an toÃ n, báº£o vá»‡ giáº¥c ngá»§ - HÃ ng chÃ­nh hÃ£ng",...,160000,200000,40000,20,91.0,available,1000,1000,2025-04-14
276121882,"á»ng hÃºt inox LocknLock loáº¡i á»‘ng hÃºt tháº³ng, á»‘ng hÃºt cong, cá» rá»­a á»‘ng hÃºt - JoyMall","á»ng hÃºt inox Lock&Lock loáº¡i á»‘ng hÃºt tháº³ng, á»‘ng hÃºt cong, cá» rá»­a á»‘ng hÃºt - JoyMallKÃ­ch thÆ°á»›c: á»‘ng tháº³ng: 21.5x0.6cmCháº¥t liá»‡u: Inox khÃ´ng gá»‰, náº·ng tay vÃ  cháº¯c cháº¯n hÆ¡n cÃ¡c loáº¡i á»‘ng hÃºt thÃ´ng thÆ°á»n...",5000,10000,5000,50,233.0,available,1000,1000,2025-04-14
275598585,"DÆ°á»¡ng Hoa TÆ°Æ¡i LÃ¢u Greenhome, Longlife, PhÃ¢n BÃ³n Cho Hoa Cáº¯t CÃ nh, GÃ³i 5gr, LÃ¢u TÃ n, Ná»Ÿ BÃ´ng To, KhÃ´ng Bá»‹ HÃ´i NÆ°á»›c","GIÃ Sá»ˆ SIÃŠU Lá»¢I:GiÃ¡ chá»‰ cÃ²n 1,7k Sá»‘ lÆ°á»£ng: 2000 gÃ³i 5grGiÃ¡ chá»‰ cÃ²n 1,9k Sá»‘ lÆ°á»£ng: 1000 gÃ³i 5grÂ Â DÆ°á»¡ng hoa lÃ¢u tÃ n Long Life, gÃ³i 5gr, hoa tÆ°Æ¡i lÃ¢u, ná»Ÿ bÃ´ng to, khÃ´ng bá»‹ hÃ´i nÆ°á»›c |GreenhomeÂ ...",2750,4900,2150,44,74.0,available,1000,1000,2025-04-14
275570245,Cháº£o Inox dáº­p nguyÃªn khá»‘i Elmich EL-2431OL,"ThÃ´ng tin sáº£n pháº©mThiáº¿t káº¿ hiá»‡n Ä‘áº¡i, cháº¯c cháº¯n â€“ bá»n bá»‰ vá»›i thá»i gianCáº¥u táº¡o nguyÃªn khá»‘i (Ä‘Ã¡y liá»n thÃ¢n 3 lá»›p) vá»›i cháº¥t liá»‡u Inox 304 phÃ­a trong tuyá»‡t Ä‘á»‘i an toÃ n cho sá»©c khá»eCáº¥u táº¡o nguyÃªn khá»‘i g...",442000,900000,458000,51,99.0,available,1000,1000,2025-04-14
275511640,Cháº£o chá»‘ng dÃ­nh Elmich EL-4718OL,"â€“ Thiáº¿t káº¿ hiá»‡n dáº¡i, mÃ u sáº¯c tráº» trung, thá»i thÆ°á»£ngâ€“ KÃ­ch thÆ°á»›c nhá» gá»n, thuáº­n tiá»‡n khi náº¥u nÆ°á»›ngâ€“ LÃ m báº±ng há»£p kim nhÃ´m, bÃªn trong phá»§ chá»‘ng dÃ­nh 3 lá»›p ILAG mÃ u Smockygold an toÃ n vÃ  siÃªu bá»n , khÃ´...",143000,289000,146000,51,119.0,available,1000,1000,2025-04-14
275410902,Cuá»™n TÃºi HÃºt ChÃ¢n KhÃ´ng Thá»±c Pháº©m Má»™t Máº·t NhÃ¡m Má»™t Máº·t TrÆ¡n Dáº¡ng Háº¡t Má»‹n PhÃ¹ Há»£p Cho Táº¥t Cáº£ CÃ¡c DÃ²ng MÃ¡y HÃºt ChÃ¢n KhÃ´ng GROFA,Â ...,59000,59000,0,0,36.0,available,1000,1000,2025-04-14
275224128,Combo 200 TÃºi Lá»c RÃ¡c Bá»c Bá»“n Rá»­a ChÃ©n Tiá»‡n Lá»£i,"-Báº¡n má»‡t má»i vÃ¬ Ä‘Æ°á»ng á»‘ng thoÃ¡t nÆ°á»›c rá»­a bÃ¡t bá»‹ táº¯c, báº¡n má»‡t má»i vÃ¬ pháº£i lau rá»­a bá»“n rá»­a bÃ¡t chá»©a nhiá»u cáº·n báº©n.-TÃºi lá»c rÃ¡c bá»“n rá»­a bÃ¡t cÃ³ cÃ´ng dá»¥ng lá»c cÃ¡c cáº·n báº©n, cÃ¡c máº©u vá»¥n thá»©c Äƒn trong quÃ¡ tr...",52000,55000,3000,5,99.0,available,1000,1000,2025-04-14
275189108,Cá»‘c giá»¯ nhiá»‡t inox 304 Elmich EL8345 dung tÃ­ch 480ML - HaÌ€ng ChiÌnh HaÌƒng,"Cháº¥t Liá»‡u Inox 304 â€“ Bá»n Bá»‰ vÃ  An ToÃ n:ThÃ¢n cá»‘c Ä‘Æ°á»£c lÃ m tá»« inox 304, cháº¥t liá»‡u chá»‘ng Äƒn mÃ²n vÃ  an toÃ n cho sá»©c khá»eVá» Inox SÆ¡n TÄ©nh Äiá»‡n â€“ Äáº³ng Cáº¥p vÃ  Chá»‘ng Tráº§y xÆ°á»›c:Vá»›i lá»›p vá» inox sÆ¡n tÄ©nh Ä‘iá»‡n, s...",147000,390000,243000,62,53.0,available,1000,1000,2025-04-14
273244983,Cá»‘c giá»¯ nhiá»‡t inox 304 Elmich EL8309 dung tÃ­ch 900ml - HÃ ng ChÃ­nh HÃ£ng,"ThÃ´ng tin sáº£n pháº©mâ€“ Thiáº¿t káº¿ náº¯p báº­t cháº¯c cháº¯n, nÆ°á»›c ko bá»‹ Ä‘á»• ra ngoÃ i, mÃ u sáº¯c cÃ¡ tÃ­nh, phÃ¹ há»£p vá»›i cáº£ 2 giá»›iâ€“ Cháº¥t liá»‡u inox 304 an toÃ n tuyá»‡t Ä‘á»‘i cho sá»©c khá»e.â€“ CÃ¡ch nhiá»‡t tuyá»‡t Ä‘á»‘i báº±ng chÃ¢n khÃ´n...",299000,559000,260000,47,115.0,available,1000,1000,2025-04-14
259514009,"10 Muá»—ng Äong Äá»‹nh LÆ°á»£ng Greenhome, 2 Äáº§u, Chia Váº¡ch Sáºµn, Tiá»‡n Lá»£i, Äong PhÃ¢n BÃ³n Dáº¡ng Bá»™t, Gia Vá»‹","ğŸ’–Â GIÃÂ Sá»ˆÂ SIÃŠUÂ Lá»¢I:ğŸ’²GiÃ¡Â chá»‰Â cÃ²nÂ 800Ä‘Â ğŸ”…Â Sá»‘Â lÆ°á»£ng:Â 500Â cÃ¡iğŸ’²GiÃ¡Â chá»‰Â cÃ²nÂ 1.000Ä‘Â ğŸ”…Â Sá»‘Â lÆ°á»£ng:Â 300Â cÃ¡iÂ Â Muá»—ngÂ ÄongÂ Äá»‹nhÂ LÆ°á»£ngÂ Greenhome,Â 2Â Äáº§u,Â ChiaÂ Váº¡chÂ Sáºµn,Â Ti...",2780,4000,1220,31,2793.0,available,1000,1000,2025-04-14
226036798,BÃ¬nh Giá»¯ Nhiá»‡t LocknLock 550ml LHC3249,"Äáº·c Ä‘iá»ƒm ná»•i báº­tBÃ¬nh Giá»¯ Nhiá»‡t LocknLock 550ml LHC3249 vá»›i thiáº¿t káº¿ náº¯p má»Ÿ má»™t cháº¡m dá»… dÃ ng, chá»‰ cáº§n Ä‘áº©y nháº¹ sang trÃ¡i Ä‘á»ƒ má»Ÿ khÃ³a Ä‘á»“ng thá»i má»Ÿ náº¯p.Miá»‡ng cá»‘c rá»™ng dá»… dÃ ng thÃªm Ä‘Ã¡ viÃªn vÃ  chÃ¹i rá»­a bÃª...",400000,622000,222000,36,1118.0,available,1000,1000,2025-04-14
207379266,"[Nguá»“n 220V] ÄÃ¨n Led Äom ÄÃ³m Háº¡t Gáº¡o Chá»‘ng NÆ°á»›c Trang TrÃ­ NgoÃ i Trá»i, 8 Cháº¿ Äá»™ NhÃ¡y","[Nguá»“n 220V] ÄÃ¨n Led Äom ÄÃ³m Háº¡t Gáº¡o Chá»‘ng NÆ°á»›c Trang TrÃ­ NgoÃ i Trá»i, 8 Cháº¿ Äá»™ NhÃ¡y ÄÃ³ng gÃ³i:  1 dÃ¢y led Ä‘om Ä‘Ã³m háº¡t gáº¡o nguá»“n 220Vï¸ TÃ­nh nÄƒng DÃ¢y led Ä‘om Ä‘Ã³m háº¡t gáº¡o gá»“m má»™t dÃ¢y dÃ i, cÃ³ thá»ƒ dÃ¹ng Ä‘á»ƒ...",75050,79000,3950,5,142.0,available,1000,1000,2025-04-14
199728521,BÃ´Ì£ lau nhÃ  Ä‘a nÄƒng Space Saving Sunhouse KS-CL3211P,"Cháº¥t liá»‡u nhá»±a PP siÃªu bá»n, an toÃ nBá»™ lau nhÃ  Ä‘a nÄƒng Space Saving SUNHOUSE KS-CL3211PB Ä‘Æ°á»£c thiáº¿t káº¿ tiá»‡n dá»¥ng vá»›i thÃ¹ng váº¯t lÃ m báº±ng nhá»±a nguyÃªn sinh PP bá»n bá»‰, chá»‹u lá»±c tá»‘t, háº¡n cháº¿ cháº§y xÆ°á»›c. Thi...",240000,450000,210000,47,944.0,available,1000,1000,2025-04-14
186558014,Combo 10 MÃ³c DÃ¡n TÆ°á»ng Treo Äá»“ Äa NÄƒng SiÃªu Chá»‹u Lá»±c,"Combo 10 MÃ³c DÃ¡n TÆ°á»ng Treo Äá»“ Äa NÄƒng SiÃªu Chá»‹u Lá»±cMá»—i miáº¿ng dÃ¡n sá»­ dá»¥ng keo cÆ°á»ng lá»±c, Ä‘á»™ bÃ¡m dÃ­nh tá»‘t, nhÆ°ng khÃ¡ch chá»‰ nÃªn dÃ¡n trÃªn bá» máº·t tÆ°á»ng má»‹n mÃ ng, khÃ´ng lá»“i lá»— Ä‘á»ƒ Ä‘áº£m báº£o thá»i gian sá»­ dá»¥ng...",19000,20000,1000,5,3136.0,available,1000,1000,2025-04-14
162597633,"Combo 4 miáº¿ng dÃ¡n Ä‘á»¡ ká»‡ gá»— VINAVU, giÃºp chia ngÄƒn tá»§, khÃ´ng cáº§n Ä‘Ã³ng Ä‘inh","Combo 4 miáº¿ng dÃ¡n Ä‘á»¡ ká»‡ gá»— VINAVU, giÃºp chia ngÄƒn tá»§, khÃ´ng cáº§n Ä‘Ã³ng Ä‘inhSáº£n pháº©m khÃ¡ch hÃ ng nháº­n Ä‘Æ°á»£c sáº½ gá»“m 4 miáº¿ng dÃ¡n tá»± chá»n máº«u. KhÃ´ng trá»™n láº«n máº«u á»Ÿ má»—i combo.Loáº¡i ÄÆ¡n 7cmx7cm (Máº«u Ä‘áº·c biá»‡t d...",45600,48000,2400,5,200.0,available,1000,1000,2025-04-14
155794592,"Ká»‡ lÃ² vi sÃ³ng Ä‘a nÄƒng ThÃ©p Carbon cao cáº¥p Vando, ká»‡ Ä‘á»ƒ Ä‘á»“ nhÃ  báº¿p siÃªu chá»‹u lá»±c 300kg sÆ¡n tÄ©nh Ä‘iá»‡n chá»‘ng bong trÃ³c, ká»‡ nhÃ  báº¿p ","TÃNH NÄ‚NG Cá»¦A Ká»† Äá»‚ Äá»’ ÄA NÄ‚NG - GIáº¢I PHÃP CHO KHÃ”NG GIAN:Ká»‡ siÃªu chá»‹u lá»±c 300kg, Ä‘á»ƒ cÃ ng nhiá»u Ä‘á»“ náº·ng ká»‡ cÃ ng Ä‘áº§m cháº¯c cháº¯n hÆ¡n: xoong ná»“i, lÃ² vi sÃ³ng, lÃ² nÆ°á»›ng,...Cháº¥t liá»‡u cá»©ng cÃ¡p, bá»n bá»‰ hÆ¡n ...",699000,900000,201000,22,814.0,available,1000,1000,2025-04-14
146432055,TÃºi ChÃ¢n KhÃ´ng Tá»± HÃºt Äá»±ng ChÄƒn Má»n Quáº§n Ão KhÃ´ng Cáº§n Dá»¥ng Cá»¥ HÃºt,"TÃºi ChÃ¢n KhÃ´ng Tá»± HÃºt Äá»±ng ChÄƒn Má»n Quáº§n Ão KhÃ´ng Cáº§n Dá»¥ng Cá»¥ HÃºtSá»­ dá»¥ng tÃºi Ä‘á»±ng chÃ¢n khÃ´ng tá»± hÃºt giÃºp báº£o quáº£n Ä‘á»“ dÃ¹ng khá»i bá»¥i báº·m, hÆ° há»ng hay náº¥m má»‘BÃªn cáº¡nh Ä‘Ã³, tÃºi Ã©p cháº·t Ä‘á»“ bÃªn trong, giÃºp t...",33250,35000,1750,5,1716.0,available,1000,1000,2025-04-14
128584341,á»” cáº¯m Ä‘a nÄƒng USB Ráº¡ng ÄÃ´ng dÃ i 3m Model: OC02.USB 3C/3M/10A,á»” cáº¯m Ä‘a nÄƒng USB 3mModel: OC02.USB 3C/3M/10ADáº£i Ä‘iá»‡n Ã¡p hoáº¡t Ä‘á»™ng:(150-250)V/50HzDÃ²ng Ä‘iá»‡n á»• cáº¯m tá»‘i Ä‘a:10ACÃ´ng suáº¥t á»• cáº¯m tá»‘i Ä‘a:2500WÄiá»‡n Ã¡p danh Ä‘á»‹nh sáº¡c USB:5VDáº£i nhiá»‡t Ä‘á»™ h...,200000,200000,0,0,,available,1000,1000,2025-04-14
121396300,"DÃ¢y rÃºt nhá»±a 10cm ,15cm, 20cm, 25cm, 30cm ( Khoáº£ng 80 sá»£i/bá»‹ch )","** DÃ¢y rÃºt nhÆ°a 10cm, 15cm,25cm ,30cm MUA 10 Bá»ŠCH SIZE Báº¤T Ká»² Táº¶NG 1 Bá»ŠCH LOáº I 10 CM ( 1 Táº¤C ) , MDÃ¢y rÃºt nhá»±a lÃ  má»™t loáº¡i sá»£i Ä‘Æ°á»£c lÃ m báº±ng cháº¥t liá»‡u nhá»±a (PA Nylon 66) Æ°u Ä‘iá»ƒm cá»§a nhá»±a polime nÃ y l...",28000,28000,0,0,1925.0,available,1000,1000,2025-04-14
120552065,BÃ¬nh giá»¯ nhiá»‡t inox 304 Elmich EL-8013OL dung tÃ­ch 480ml,"Cháº¥t liá»‡u inox 304 an toÃ n tuyá»‡t Ä‘á»‘i cho sá»©c khá»eBÃ¬nh giá»¯ nhiá»‡t inox 304 Elmich EL-8013OL Ä‘Æ°á»£c lÃ m báº±ng cháº¥t liá»‡u inox 304 cÃ³ kháº£ nÄƒng chá»‘ng Äƒn mÃ²n tuyá»‡t vá»i, bÃ¬nh giá»¯ nhiá»‡t Elmich EL-8013OL an toÃ n ...",145000,389000,244000,63,2157.0,available,1000,1000,2025-04-14
106563599,"BÃ³ng Ä‘Ã¨n Philips LED Bright E27 báº£o vá»‡ máº¯t, Ã¡nh sÃ¡ng vÃ ng, Ã¡nh sÃ¡ng tráº¯ng (01 bÃ³ng)","BÃ³ng Ä‘Ã¨n Philips LEDBright E27 230V 1CT/12 APR, mang trong mÃ¬nh thiáº¿t káº¿ hiá»‡n Ä‘áº¡i, máº¡nh máº½ vÃ  sang trá»ng Ä‘áº¿n tá»« thÆ°Æ¡ng hiá»‡u Philips sáº½ khiáº¿n báº¡n hÃ i lÃ²ng trong quÃ¡ trÃ¬nh sá»­ dá»¥ng, cháº¥t lÆ°á»£ng sÃ¡ng cao, ...",67700,89500,21800,24,1597.0,available,1000,1000,2025-04-14
95335291,"Combo 10 cáº·p káº¹p dÃ¡n tÆ°á»ng thÃ´ng minh - KhÃ´ng cáº§n khoan lá»—, Ä‘á»¥c tÆ°á»ng- Chá»‹u lá»±c lÃªn Ä‘áº¿n 3Kg","SiÃªu pháº©m miáº¿ng dÃ¡n tÆ°á»ng treo giÃ¡, ká»‡ máº«u má»›i nháº¥t 2021 Ä‘Æ°á»£c Ä‘áº·t táº­n gá»‘c nhÃ  mÃ¡y sáº£n xuáº¥t vá»›i tá»· lá»‡ keo dÃ­nh cháº¯c hÆ¡n gáº¥p Ä‘Ã´i loáº¡i thÆ°á»ng.Â Â Â ------------ TÃNH NÄ‚NG Ná»”I Báº¬T -------------...",52250,55000,2750,5,171.0,available,1000,1000,2025-04-14
94778000,"Ã” DÃ¹ che náº¯ng, che mÆ°a, cÃ³ nÃºt báº¥m 2 chiá»u, hÃ ng cháº¥t lÆ°á»£ng, dá»… thÆ°Æ¡ng, thiáº¿t káº¿ sang trá»ng vÃ  bá»n bá»‰, Ã´ dÃ¹ cÃ³ lá»±a chá»n mÃ u sáº¯c, ","Ã” dÃ¹ Ä‘Æ°á»£c sáº£n xuáº¥t trÃªn cÃ´ng nghá»‡ Nháº­t Báº£nÄá»™ má»Ÿ rá»™ng tá»›i 120cm vá»›i 10 nan Ã´ nan Ã´ dÃ y, thÃ©p dáº»o chá»‹u lá»±c tá»‘t háº¡n cháº¿ gáº­p gáº«y sáº£n pháº©mKhung, cÃ¡n cháº¯c cháº¯n, bá»n Ä‘áº¹p khÃ´ng gá»‰NÃºt báº¥m Ä‘Ã³ng má»Ÿ tá»± Ä‘á»™ng thá»i ...",196000,196000,0,0,1337.0,available,1000,1000,2025-04-14
89980825,"Bá»™ 2 nháº£ kem Ä‘Ã¡nh rÄƒng tá»± Ä‘á»™ng OENON, Ká»‡ nhÃ  táº¯m thÃ´ng minh kÃ¨m cá»‘c lÃ¡p Ä‘áº·t dÃ¡n tÆ°á»ng - 2NHAKEM",Ká»‡ CÃ³ 2 Nháº£ Kem ÄÃ¡nh RÄƒng Tá»± Äá»™ng OENON kÃ¨m cá»‘cSáº£n pháº©m cÃ³ 2 nháº£ kem Ä‘Ã¡nh rÄƒng tá»± Ä‘á»™ng 1 cho Bá»‘ Máº¹ 1 cho Con YÃªuThÆ°Æ¡ng hiá»‡u : OENONCháº¥t liá»‡u: cháº¥t liá»‡u ABS báº£o vá»‡ mÃ´i trÆ°á»ngBá»™ 2 cá»‘c Liá»n 2 nháº£ ke...,229000,400000,171000,43,1153.0,available,1000,1000,2025-04-14
84886093,Vá»£t muá»—i thÃ´ng minh 3in1 SUNHOUSE SHE-PRO11.W,Äáº·c Ä‘iá»ƒm ná»•i báº­tVá»£t muá»—i thÃ´ng minh 3in1 Sunhouse SHE-PRO11.WÂ tÃ­ch há»£p 3 chá»©c nÄƒng: vá»£t muá»—i + dÃ¨n diá»‡t muá»—i + Ä‘Ã¨n ngá»§.Vá»£t cÃ³ kiá»ƒu dÃ¡ng gá»n nháº¹ vá»›i mÃ u tráº¯ng sang trá»ng táº¡o nÃªn chiáº¿c vá»£t vá»«a hiá»‡n Ä‘...,229000,344000,115000,33,1147.0,available,1000,1000,2025-04-14
82875291,"Bá»™ 2 thÃ¹ng váº£i, há»™p váº£i Ä‘á»±ng Ä‘á»“ Ä‘a nÄƒng -MÃ u NÃ¢u Kem + Táº·ng kÃ¨m dÃ¢y cá»™t tÃ³c- Há»™p váº£i Ä‘á»±ng quáº§n Ã¡o 2 size Ä‘á»±ng quáº§n Ã¡o, Ä‘á»“ lÃ³t, giÃ y, vÄƒn phÃ²ng pháº©m, Ä‘á»“ dÃ¹ng cÃ¡ nhÃ¢n ráº¥t tiá»‡n lá»£i-Bá»™ 2 há»™p váº£i Ä‘á»±ng Ä‘á»“ váº£i canvas siÃªu xinh cÃ³ náº¯p Ä‘áº­y, tá»§ váº£i Ä‘á»±ng Ä‘á»“ há»™p cÃ¡i ","Bá»˜ 2 Há»˜P Váº¢I Äá»°NG Äá»’ Váº¢I CANVASÂ GiÃºp báº¡n cáº¥t gá»n Ä‘á»“ Ä‘áº¡c, tiáº¿t kiá»‡m khÃ´ng gianVáº£i khÃ´ng dá»‡t, gia cá»‘ cÃ¡c tÃ´ng, chá»‘ng mÃ i mÃ²n vÃ  bá»n. Â Thiáº¿t káº¿ tay cáº§m Ä‘á»ƒ dá»… dÃ ng cáº§m náº¯m Â Â Â ThÃ­ch há»£p cho quáº§n Ã¡o...",99000,99000,0,0,967.0,available,1000,1000,2025-04-14
81895232,"Combo 3 Giá» treo cháº­u hoa ban cÃ´ng MONROVIA, giá» sáº¯t treo cháº­u hoa ban cÃ´ng, cháº­u treo ban cÃ´ng, ká»‡ treo ban cÃ´ng, mÃ³c treo, khung thÃ©p, sÆ¡n tÄ©nh Ä‘iá»‡n chÃ­nh hÃ£ng thÆ°Æ¡ng hiá»‡u MONROVIA ",GIá» TREO HOA CHáº¬U HOA BAN CÃ”NG THÆ¯Æ NG HIá»†U MONROVIA ChÃ­nh hÃ£ng phong cÃ¡ch ChÃ¢u Ã¢u ThÆ°Æ¡ng hiá»‡u MONROVIA chÃ­nh hÃ£ng Ä‘Ã£ Ä‘Æ°á»£c Ä‘Äƒng kÃ½ báº£o há»™ táº¡i cá»¥c sá»Ÿ há»¯u trÃ­ tuá»‡ Viá»‡t Nam Thiáº¿t káº¿ khÃ¡c biá»‡t vá»›i phon...,115000,115000,0,0,531.0,available,1000,1000,2025-04-14
73529777,"Ká»‡ chÃ©n bÃ¡t Ä‘a nÄƒng báº±ng thÃ©p carbon khÃ´ng gá»‰, chá»‘ng xÆ°á»›c, sÆ¡n Ä‘en tÄ©nh Ä‘iá»‡n, giÃ¡ bÃ¡t trÃªn bá»“n rá»­a rÃ¡o nÆ°á»›c cho nhÃ  báº¿p sáº¡ch sáº½ VANDO","Ká»† ÃšP CHÃ‰N BÃT ÄÄ¨A TRÃŠN Bá»’N Rá»¬A VANDOKá»‡ chÃ©n thÃ´ng minh cho má»i cÄƒn báº¿p sáº¡ch sáº½, gá»n gÃ ng, giÃºp báº¡n hoÃ n chá»‰nh thiáº¿t káº¿ ná»™i tháº¥t gia Ä‘Ã¬nhÄáº¶C ÄIá»‚M Ná»”I Báº¬T:Ká»‡ chÃ©n rÃ¡o nÆ°á»›c trá»±c tiáº¿p trÃªn bá»“n rá»­a giÃº...",399000,600000,201000,34,2888.0,available,1000,1000,2025-04-14
73124602,BÃ¬nh Giá»¯ Nhiá»‡t Báº±ng ThÃ©p KhÃ´ng Gá»‰ Lock&Lock Vacuum Bottle LHC6180SLV (800ML),BÃ¬nh Giá»¯ Nhiá»‡t ThÃ©p KhÃ´ng Gá»‰ Vacuum Bottle Lock&Lock LHC6180FU (800ml) - Xanh Äáº­mÂ thiáº¿t káº¿ xÃ¡ch tay dá»… dÃ ng cho viá»‡c mang theo. MÃ u sáº¯c ná»•i báº­t mang Ä‘á»ƒn cáº£m giÃ¡c tráº» trung khi sá»­ dá»¥ng.BÃ¬nh g...,507750,677000,169250,25,1555.0,available,1000,1000,2025-04-14
72049662,"Combo 6 TÃºi Giáº·t LÆ°á»›i Báº£o Vá»‡ Quáº§n Ão, tÃºi lÆ°á»›i má»‹n polyester báº£o quáº£n quáº§n Ã¡o","TÃºi giáº·t lÆ°á»›i dÃ y dáº·n cÃ³ nhiá»u á»©ng dá»¥ng cho Ä‘á»i sá»‘ng hÃ ng ngÃ yBáº£o vá»‡ quáº§n Ã¡o khá»i cÃ¡c tÃ¡c Ä‘á»™ng máº¡nh tá»« mÃ¡y giáº·t, Ä‘áº·c biá»‡t lÃ  mÃ¡y cá»­a trÃªn.TÃºi cÅ©ng giÃºp gom nhiá»u loáº¡i Ä‘á»“ phá»¥ kiá»‡n nhá» láº¡i giáº·t chung 1 ...",119700,126000,6300,5,838.0,available,1000,1000,2025-04-14
71178441,"Ão MÆ°a BÃ­t DÃ¹ TrÆ¡n, Ão MÆ°a KÃ­n NgÆ°á»i Váº£i DÃ¹ SiÃªu DÃ y 1M4, Chá»‘ng Tháº¥m Hiá»‡u Quáº£, PhÃ¹ Há»£p Nam VÃ  Ná»¯, CÃ³ TÃºi Äá»±ng, CÃ³ Lá»±a Chá»n MÃ u Sáº¯c","Ão mÆ°a lÃ  sáº£n pháº©m thÃ´ng dá»¥ng, khÃ´ng thá»ƒ thiáº¿u khi mÃ¹a mÆ°a Ä‘áº¿n, giÃºp báº¡n trÃ¡nh nhá»¯ng cÆ¡n mÆ°a báº¥t chá»£t, Ã¡o mÆ°a Ä‘Æ°á»£c cáº¯t may tá»« váº£i dÃ¹ cÃ³ Ä‘á»™ bá»n cao hÆ¡n cÃ¡c loáº¡i váº£i khÃ¡c.Â  Â  Â  Â  Â  Â  Â  Â  Â  Â  Â  Â  Â  Â  Â  ...",115000,115000,0,0,989.0,available,1000,1000,2025-04-14
58357614,"ÄÃ¨n báº¯t muá»—i, ruá»“i vÃ  cÃ¡c loáº¡i cÃ´n trÃ¹ng Con DÆ¡i","Â 1. Äáº·c Ä‘iá»ƒm ná»•i báº­c cá»§a báº¯t muá»—i, ruá»“i vÃ  cÃ´n trÃ¹ng hiá»‡u CON DÆ I MODEL CN02- TiÃªu diá»‡t muá»—i cáº£ ban ngÃ y vÃ  ban Ä‘Ãªm ( Ä‘Ã¨n báº¯t muá»—i thÃ´ng thÆ°á»ng khÃ´ng báº¯t Ä‘Æ°á»£c muá»—i ban ngÃ y) muá»—i ban ngÃ y má»›i thá»±c sá»±...",379000,379000,0,0,4843.0,available,1000,1000,2025-04-14
57867023,CÃ¢y Lau NhÃ  Xoay 360 ÄÃ´Ì£ Sunhouse Ks-Mo350I,"Äáº·c Ä‘iá»ƒm ná»•i báº­tCÃ¢y lau nhÃ  xoay 360 Ä‘á»™ SUNHOUSE KS-MO350IÂ cÃ³ cÃ¡n lÃ m báº±ng inox 201 vá»›i tay cáº§m báº±ng nhá»±a PP cao cáº¥p, cháº¯c cháº¯n, khÃ´ng bá»‹ han gá»‰ vÃ  cÃ³ thá»ƒ thÃ¡o láº¯p dá»… dÃ ng khi sá»­ dá»¥ng. CÃ¢y lau cÃ³ th...",135000,200000,65000,33,3671.0,available,1000,1000,2025-04-14
57806524,"Ão MÆ°a Bá»™ Váº£i DÃ¹ Cao Cáº¥p Cho BÃ© Tá»« 3 -10 Tuá»•i, Chá»‘ng Tháº¥m, Che KÃ­n NgÆ°á»i An ToÃ n Cho BÃ©, Lá»±a Chá»n MÃ u Sáº¯c PhÃ¹ Há»£p Giá»›i TÃ­nh (Giao MÃ u - Máº«u Ngáº«u NhiÃªn)","-Giao MÃ u - Máº«u ngáº«u nhiÃªn, bao bÃ¬ máº«u mÃ£ cÃ³ thá»ƒ thay Ä‘á»•i theo tá»«ng Ä‘á»£t sáº£n xuáº¥t.ThÆ°Æ¡ng hiá»‡u uy tÃ­nh : XUDI- Cháº¥t liá»‡u: Váº£i dÃ¹ 100%- Ão cÃ³ Ä‘Æ°á»£c thiáº¿t káº¿ khÃ³a kÃ©o vÃ  nÃºt báº¥m háº¡n cháº¿ nÆ°á»›c báº¯n vÃ o ng...",110000,110000,0,0,516.0,available,1000,1000,2025-04-14
53830678,"1 cáº·p ruá»™t gá»‘i hÆ¡i cao cáº¥p - GÃ²n bÃ´ng nhÃ¢n táº¡o an toÃ n sá»©c khá»e, khÃ´ng chá»©a cháº¥t Ä‘á»™c háº¡i - CÃ³ khÃ³a kÃ©o dá»… dÃ ng thÃªm bá»›t gÃ²n bÃªn trong - ÃŠm Ã¡i, má»m má»‹n","Cáº·p gá»‘i náº±m gÃ²n/gá»‘i hÆ¡i cao cáº¥p - ThÆ°Æ¡ng hiá»‡u AÂ Â Biáº¿t Ä‘áº¿n nhÆ° lÃ  sá»£i tá»± nhiÃªn nháº¹ nháº¥t trÃªn tháº¿ giá»›i, bÃ´ng gÃ²n Ä‘Æ°á»£c nhiá»u tÃ­n Ä‘á»“ yÃªu thÃ­ch bá»Ÿi sá»± thoáº£i mÃ¡i vÃ  dá»… chá»‹u. Nhá»¯ng chiáº¿c gá»‘i gÃ²n 100%...",65000,65000,0,0,1906.0,available,1000,1000,2025-04-14
50294624,"LÆ°á»›i ÄÃ¨n LED Chá»‘ng NÆ°á»›c Trang TrÃ­ NgoÃ i Trá»i Cho GiÃ¡nh Sinh, Tiá»‡c, Lá»… Táº¿t - Nhiá»u KÃ­ch Cá»¡","DÃ¢y Ä‘Ã¨n LED dáº¡ng lÆ°á»›i bÃ³ng nhá» kÃ¨m tÃ­nh nÄƒng chá»‘ng tháº¥m nÆ°á»›c giÃºp trang trÃ­ ngoÃ i trá»i cho nhá»¯ng dá»‹p lá»…, Táº¿t, tiá»‡c, giÃ¡ng CÃ³ 2 kÃ­ch thÆ°á»›c Ä‘á»ƒ chá»n: ngang 1.5m x dá»c 1.5m (96 bÃ³ng Ä‘Ã¨n) hoáº·c ngang 3m x d...",113050,119000,5950,5,806.0,available,1000,1000,2025-04-14
17423771,"5 ViÃªn Pin CR2032 3V Panasonic Lithium thay pin Smartkey , Cmos , Pin thay Airtag - HaÌ€ng chiÌnh haÌƒng",HÃ ng nÄƒm cÃ³ khoáº£ng 600 triá»‡u viÃªn pin bá»‹ vá»©t bá». Sá»‘ lÆ°á»£ng pin nÃ y xáº¿p dÃ i ra sáº½ tÆ°Æ¡ng Ä‘Æ°Æ¡ng quÃ£ng Ä‘Æ°á»ng tá»« Anh sang Ãšc!Pin cÃ³ nhiá»u loáº¡i vá»›i nhiá»u kÃ­ch thÆ°á»›c khÃ¡c nhau: CÃ³ viÃªn pin cÃ³ kÃ­ch thÆ°á»›c chá»‰ n...,72000,72000,0,0,59.0,available,1000,1000,2025-04-14
6652303,"Má»n tuyáº¿t NIN HOUSE 100% Microfiber 1m3x2m má»›i 2024, chÄƒn hÃ¨ cao cáº¥p má»‹n mÃ ng, chÄƒn lÃ´ng tuyáº¿t nhung nhiá»u mÃ u",- Cháº¥t liá»‡u: 100% Microfiber- KÃ­ch thÆ°á»›c: 130cm x 200cm- HÆ°á»›ng dáº«n sá»­ dá»¥ng:Giáº·t trÆ°á»›c khi sá»­ dá»¥ng.Giáº·t á»Ÿ nhiá»‡t Ä‘á»™ tá»‘i Ä‘a khÃ´ng quÃ¡ 40 Ä‘á»™ C.CÃ³ thá»ƒ giáº·t báº±ng mÃ¡y.KhÃ´ng sá»­ dá»¥ng cÃ¡c cháº¥t giáº·c táº©y m...,219000,219000,0,0,213.0,available,1000,1000,2025-04-14
892121,Pin Max 8 + 4 ViÃªn Energizer E91 BP8+4 AA,"Pin Max 8 + 4 ViÃªn Energizer E91 BP8+4 AAÂ lÃ  sáº£n pháº©m cÃ³ thá»ƒ sá»­ dá»¥ng cho cÃ¡c loáº¡i mÃ¡y áº£nh, Ä‘iá»u khiá»ƒn tá»« xa, Ä‘Ã¨n Pin, mÃ¡y chÆ¡i game khÃ´ng dÃ¢y, mÃ¡y nghe nháº¡c MP3 vÃ  cÃ¡c thiáº¿t bá»‹ ká»¹ thuáº­t sá»‘ cÃ¡ nhÃ¢n kh...",140000,140000,0,0,2756.0,available,1000,1000,2025-04-14
277619147,MÃ¡y tÃ­nh báº£ng iPad Gen 11 (A16) WiFi ,...,9490000,9990000,500000,5,13.0,available,1000,1000,2025-04-14
277311630,Äiá»‡n Thoáº¡i Xiaomi Redmi 14C 6GB/128GB - HÃ ng ChÃ­nh HÃ£ng,"Äiá»‡n Thoáº¡i Xiaomi Redmi 14C 6GB/128GB - HÃ ng ChÃ­nh HÃ£ngBá»™ sáº£n pháº©m bao gá»“m: Pin, sáº¡c, cÃ¡p USB kiá»ƒu C,á»‘p lÆ°ng, hÆ°á»›ng dáº«n, cÃ¢y thÃ¡o sim.Hiá»ƒn thá»‹ sá»‘ng Ä‘á»™ng vÃ  báº£o vá»‡ tá»‘i Æ°u- Vá»›i táº¥m ná»n IPS LCD kÃ­ch ...",3190000,3690000,500000,14,3.0,available,1000,1000,2025-04-14
277164932,á»p LÆ°ng Samsung Galaxy S25 Trong Suá»‘t - HÃ ng chÃ­nh hÃ£ng,Updating...,590000,590000,0,0,3.0,available,1000,1000,2025-04-14
277164766,Cá»§ sáº¡c Samsung khÃ´ng kÃ¨m cÃ¡p 45W - HÃ ng chÃ­nh hÃ£ng,"Tá»‘c Ä‘á»™ sáº¡c siÃªu nhanhBá»™ Ä‘á»•i nguá»“n 45W lÃ  ngÆ°á»i báº¡n Ä‘á»“ng hÃ nh vá»›i kháº£ nÄƒng sáº¡c nhanh vÃ  hiá»‡u quáº£ cao. ÄÆ°á»£c thiáº¿t káº¿ vá»›i Ä‘á»™ chÃ­nh xÃ¡c Ä‘á»ƒ tÃ­ch há»£p liá»n máº¡ch vá»›i cÃ¡c thiáº¿t bá»‹ Samsung Galaxy, Ä‘áº£m báº£o ...",450000,890000,440000,49,21.0,available,1000,1000,2025-04-14
277068413,"Äiá»‡n thoáº¡i Samsung Galaxy S25 Ultra, Äiá»‡n thoáº¡i AI, TÃ¬m kiáº¿m thÃ´ng minh, Video camera Ä‘Ãªm Nightography, S Pen Ä‘a nhiá»‡m - HÃ ng ChÃ­nh HÃ£ng","Â Galaxy S25 Ultra - CÃ¡nh tay Ä‘áº¯c lá»±c AI- Now Brief: ÄÆ°a ra cÃ¡c Ä‘á» xuáº¥t Ä‘Æ°á»£c cÃ¡ nhÃ¢n hoÃ¡ dá»±a trÃªn phÃ¢n tÃ­ch thÃ´ng minh vá» lá»‹ch trÃ¬nh riÃªng, sá»Ÿ thÃ­ch vÃ  má»¥c tiÃªu cÃ¡ nhÃ¢n.- Seamless Actions across Apps...",28990000,33990000,5000000,15,4.0,available,1000,1000,2025-04-14
277007015,Äiá»‡n thoáº¡i Xiaomi Redmi Note 14 6GB/128GB - HÃ ng ChÃ­nh HÃ£ng,"Chip MediaTek há»— trá»£ chiáº¿n game á»•n Ä‘á»‹nhMediaTek Helio G99-Ultra 8 nhÃ¢n trÃªn Redmi Note 14 Ä‘Æ°á»£c sáº£n xuáº¥t trÃªn tiáº¿n trÃ¬nh 6 nm hiá»‡n Ä‘áº¡i, mang láº¡i hiá»‡u nÄƒng á»•n Ä‘á»‹nh khi chÆ¡i cÃ¡c tá»±a game Ä‘á»“ há»a náº·ng nhÆ°...",3850000,4990000,1140000,23,27.0,available,1000,1000,2025-04-14
276976267,Tai nghe Bluetooth True Wireless Samsung Galaxy Buds FE R400N - HÃ ng chÃ­nh hÃ£ng,"Báº¡n Ä‘á»“ng hÃ nh hoÃ n háº£o hÃ ng ngÃ yGalaxy Buds FE vá»›i thiáº¿t káº¿ cÃ´ng thÃ¡i há»c nhá» gá»n mang Ä‘áº¿n tráº£i nghiá»‡m nghe vÆ°á»£t trá»™i. Loáº¡i bá» nhá»¯ng táº¡p Ã¢m khÃ´ng mong muá»‘n nhá» cÃ´ng nghá»‡ Chá»‘ng á»“n chá»§ Ä‘á»™ng (ANC), ...",1450000,1990000,540000,27,594.0,available,1000,1000,2025-04-14
276614493,Äiá»‡n Thoáº¡i Samsung Galaxy A16 LTE (4GB/128GB) - ÄÃ£ kÃ­ch hoáº¡t báº£o hÃ nh Ä‘iá»‡n tá»­ - HÃ ng ChÃ­nh HÃ£ng,"Samsung Galaxy A16 4GB/128GB lÃ  chiáº¿c smartphone vá»«a Ä‘áº¹p vá»«a máº¡nh, phÃ¹ há»£p cho má»i nhu cáº§u tá»« giáº£i trÃ­ Ä‘áº¿n cÃ´ng viá»‡c. Vá»›i thiáº¿t káº¿ nhá» gá»n, hiá»‡n Ä‘áº¡i, mÃ n hÃ¬nh lá»›n, camera rÃµ nÃ©t vÃ  pin bá»n, Galaxy A16...",3390000,5090000,1700000,33,143.0,available,1000,1000,2025-04-14
276559198,Äiá»‡n thoáº¡i POCO C75 (8GB/256GB) - HÃ ng ChÃ­nh HÃ£ng,"POCO C75 cáº¥u hÃ¬nh ná»•i báº­t vá»›i chip Helio G85Theo thÃ´ng tin tá»« trangÂ GSMArena, POCO C75 Ä‘Ã£ Ä‘áº¡t chá»©ng nháº­n FCC vá»›i mÃ£ model lÃ  2410FPCC5G, Ä‘Ã¢y cÅ©ng lÃ  phiÃªn báº£n káº¿ nhiá»‡m cá»§a POCO C65 ra máº¯t vÃ o nÄƒm ngo...",2990000,3290000,300000,9,1201.0,available,1000,1000,2025-04-14
276536922,"Äiá»‡n thoáº¡i ZTE Libero Flip (6GB/128GB) Snapdragon 7 Gen 1 MÃ n Oled ,120Hz , Rom quá»‘c táº¿ - HÃ ng nháº­p kháº©u","Tháº¯ng thao mobile cam káº¿tHÃ ng chÃ­nh hÃ£ng má»›i 100%Báº£o hÃ nh 6 thÃ¡ng pháº§n cá»©ng,12 thÃ¡ng pháº§n má»mThÃ´ng sá»‘ ká»¹ thuáº­tMÃ n hÃ¬nh: OLED, 120Hz, HDR10 6.9 inches,MÃ n phá»¥: 1.43 inches, 466 x 466 pixelsHá»‡ Ä‘iá»u hÃ ...",4899000,5990000,1091000,18,10.0,available,1000,1000,2025-04-14
276515327,Äiá»‡n thoáº¡i POCO C75 (6GB/128GB) - HÃ ng ChÃ­nh HÃ£ng,"POCO C75 cáº¥u hÃ¬nh ná»•i báº­t vá»›i chip Helio G85Theo thÃ´ng tin tá»« trangÂ GSMArena, POCO C75 Ä‘Ã£ Ä‘áº¡t chá»©ng nháº­n FCC vá»›i mÃ£ model lÃ  2410FPCC5G, Ä‘Ã¢y cÅ©ng lÃ  phiÃªn báº£n káº¿ nhiá»‡m cá»§a POCO C65 ra máº¯t vÃ o nÄƒm ngo...",2690000,3390000,700000,21,3230.0,available,1000,1000,2025-04-14
276448816,Bá»™ sáº¡c Samsung 45W cá»•ng type C + CÃ¡p type C (EP-T4511),"Tá»‘c Ä‘á»™ sáº¡c siÃªu nhanhBá»™ Ä‘á»•i nguá»“n 45W lÃ  ngÆ°á»i báº¡n Ä‘á»“ng hÃ nh vá»›i kháº£ nÄƒng sáº¡c nhanh vÃ  hiá»‡u quáº£ cao. ÄÆ°á»£c thiáº¿t káº¿ vá»›i Ä‘á»™ chÃ­nh xÃ¡c Ä‘á»ƒ tÃ­ch há»£p liá»n máº¡ch vá»›i cÃ¡c thiáº¿t bá»‹ Samsung Galaxy, Ä‘áº£m báº£o...",471000,1190000,719000,60,321.0,available,1000,1000,2025-04-14
276411458,"Äiá»‡n thoáº¡i OPPO A79 5G (4GB/128GB) MÃ n hÃ¬nh 6.7"", Sáº¡c nhanh 33W , Rom tiáº¿ng viá»‡t - Báº£n ná»™i Ä‘á»‹a Nháº­t - HÃ ng nháº­p kháº©u","Cáº¥u hÃ¬nh sáº£n pháº©m:Tháº» Sim:2 SIM, 1 esim +1 Nano SIM /5GMÃ n hÃ¬nh:6.7 inches, IPS LCD, 90HzÄá»™ phÃ¢n giáº£i:1080 x 2460 pixels (~396 ppi density)CPU: MediaTek Dimensity 6020 5G 8 nhÃ¢nRAM: 4GBBá»™ nhá»›: 128GBCa...",3199000,3999000,800000,20,5.0,available,1000,1000,2025-04-14
276410628,"Äiá»‡n thoáº¡i Realme V60 (6GB/128GB) 5G , ChÃ­p Dimensity 6300, Rom tiáº¿ng viá»‡t - HÃ ng nháº­p kháº©u","Cáº¥u hÃ¬nh Realme V60 5G?Báº¡n cÃ³ thá»ƒ tham kháº£o cáº¥u hÃ¬nh Realme V60 ra máº¯t dÆ°á»›i Ä‘Ã¢y.ThÃ´ng sá»‘Realme V60KÃ­ch thÆ°á»›c165,6 x 76,1 x 7,9 mmTrá»ng lÆ°á»£ng192 gMÃ n hÃ¬nh6,67 inch,Â IPS LCD,...",2999000,3999000,1000000,25,3.0,available,1000,1000,2025-04-14
276250878,Äiá»‡n Thoáº¡i Samsung Galaxy A06 (4GB/128GB) -  ÄÃ£ kÃ­ch hoáº¡t báº£o hÃ nh Ä‘iá»‡n tá»­ - HÃ ng ChÃ­nh HÃ£ng,"MÃ n hÃ¬nh rá»™ng lá»›n, tráº£i nghiá»‡m tá»‘i Æ°uGalaxy A06 Ä‘Æ°á»£c trang bá»‹ kÃ­ch thÆ°á»›c mÃ n hÃ¬nh 6.7 inch thuá»™c phÃ¢n khÃºc lá»›n, giÃºp tá»‘i Æ°u hÃ³a tráº£i nghiá»‡m giáº£i trÃ­ nhÆ° xem phim, chÆ¡i game hay Ä‘á»c sÃ¡ch Ä‘iá»‡n tá»­ dá»… dÃ ...",2270000,3490000,1220000,35,129.0,available,1000,1000,2025-04-14
276250848,Äiá»‡n Thoáº¡i Samsung Galaxy A06 (4GB/128GB) - HÃ ng ChÃ­nh HÃ£ng,"Vá»›i thiáº¿t káº¿ thanh lá»‹ch, cÃ´ng nghá»‡ máº¡nh máº½ vÃ  tÃ­nh nÄƒng báº£o máº­t cao, Samsung Galaxy A06Â mang Ä‘áº¿n tráº£i nghiá»‡m Ä‘á»‰nh cao.MÃ n hÃ¬nh lá»›n 6.7 inch, camera 50 MP tinh xáº£o vÃ  thá»i lÆ°á»£ng pin dÃ i lÃ¢u giÃºp thiáº¿t...",2270000,2390000,120000,5,50.0,available,1000,1000,2025-04-14
276110349,Apple iPhone 16,...,18990000,22990000,4000000,17,228.0,available,1000,1000,2025-04-14
276110276,Apple iPhone 16 Plus,...,21990000,25990000,4000000,15,91.0,available,1000,1000,2025-04-14
276110023,Apple iPhone 16 Pro,...,24990000,28990000,4000000,14,192.0,available,1000,1000,2025-04-14
276109904,Apple iPhone 16 Pro Max,...,30850000,34990000,4140000,12,759.0,available,1000,1000,2025-04-14
